<?xml version="1.0" encoding="UTF-8"?>
<project-private xmlns="http://www.netbeans.org/ns/project-private/1">
    <editor-bookmarks xmlns="http://www.netbeans.org/ns/editor-bookmarks/2" lastBookmarkId="0"/>
    <open-files xmlns="http://www.netbeans.org/ns/projectui-open-files/2">
        <group>
            <file>file:/C:/Users/Joao/Desktop/Save/2%20-%20Java/TestClient/SaveClient/src/com/example/Home.java</file>
            <file>file:/C:/Users/Joao/Desktop/Save/2%20-%20Java/TestClient/SaveClient/src/com/example/AdminHome.java</file>
            <file>file:/C:/Users/Joao/Desktop/Save/2%20-%20Java/TestClient/SaveClient/src/com/example/Explorar.java</file>
            <file>file:/C:/Users/Joao/Desktop/Save/2%20-%20Java/TestClient/SaveClient/src/com/example/Filmes.java</file>
            <file>file:/C:/Users/Joao/Desktop/Save/2%20-%20Java/TestClient/SaveClient/src/com/example/Adicionar.java</file>
            <file>file:/C:/Users/Joao/Desktop/Save/2%20-%20Java/TestClient/SaveClient/src/com/example/Excluir.java</file>
            <file>file:/C:/Users/Joao/Desktop/Save/2%20-%20Java/TestClient/SaveClient/src/com/example/Index.java</file>
        </group>
    </open-files>
</project-private>
